"","chi_cts","count","sum_und_5","sum_total","per_und_5"
"1","chi",557,102370,1828438,0.0559876791009594
"2","cook_not_chi",775,188434,3357374,0.0561254123013998
